label,n,mean,std,p05,p25,p50,p75,p95
scenario_engine,2000,0.04590010535813964,0.0025241878135436047,0.04162796322397456,0.0442658529013628,0.045901450468001204,0.04761730466219183,0.04994394776403335
