factor,value,beta,contrib
domestic_z,-1.6862304315360173,0.003,-0.005058691294608052
property_stabil_prob,0.3751893358636917,0.002,-0.002496213282726166
export_yoy_proxy,0.055775238439167624,0.0015,0.008366285765875144
